40.8414338,22.9238095,Petrol Station,Unknown,Unknown,Unknown,Unknown,Unknown,Unknown,Unknown,Unknown
40.7403665,22.9853089,Petrol Station,Unknown,Unknown,Unknown,Unknown,Unknown,Unknown,Unknown,Unknown
41.8444431,23.4835987,Петрол,Petrol,Unknown,Unknown,Unknown,Unknown,Unknown,Unknown,Unknown
41.8799352,23.4469833,LUK,Unknown,Unknown,Unknown,Unknown,Unknown,Unknown,Unknown,Unknown
42.3373885,23.5524988,Лукойл,Unknown,Unknown,Unknown,Unknown,Unknown,Unknown,Unknown,Unknown
41.1125166,22.5554398,BP,Unknown,Unknown,Unknown,Unknown,Unknown,Unknown,Unknown,Unknown
40.8079577,21.1286199,Elinoil,Unknown,Unknown,Unknown,Unknown,Unknown,Unknown,Unknown,Unknown
42.4663801,21.4468865,Al Petrol,Unknown,Unknown,yes,Unknown,Unknown,Unknown,Unknown,Unknown
42.1003965,21.0798146,none,Unknown,Unknown,Unknown,Unknown,Unknown,Unknown,Unknown,Unknown
42.1021067,21.0823202,none,Unknown,Unknown,Unknown,Unknown,Unknown,Unknown,Unknown,Unknown
42.1461251,21.1221449,Макпетрол,Makpetrol,Unknown,Unknown,Unknown,Unknown,Unknown,Unknown,Unknown
42.0099438,21.3714984,Лукоил,Unknown,Unknown,Unknown,no,yes,yes,Unknown,yes
41.9746802,21.4542071,Супертрејд,Unknown,Unknown,Unknown,Unknown,Unknown,Unknown,Unknown,Unknown
41.4444801,22.005306,Макпетрол,Makpetrol,Unknown,Unknown,Unknown,Unknown,Unknown,Unknown,Unknown
41.4350263,22.0036985,Макпетрол,Makpetrol,Unknown,Unknown,Unknown,Unknown,Unknown,Unknown,Unknown
41.4435249,22.0059941,Црна Река,Crna Reka,Unknown,Unknown,Unknown,Unknown,Unknown,Unknown,Unknown
41.4832253,22.0792997,Jeddoil,Unknown,Unknown,Unknown,Unknown,Unknown,Unknown,Unknown,Unknown
41.4988918,22.0987911,Макпетрол,Makpetrol,Unknown,Unknown,Unknown,Unknown,Unknown,Unknown,Unknown
41.3151304,22.5571884,Макпетрол,Makpetrol,Unknown,Unknown,Unknown,Unknown,Unknown,Unknown,Unknown
41.6848902,21.8335262,Макпетрол,Makpetrol,Unknown,Unknown,Unknown,Unknown,Unknown,Unknown,Unknown
41.0401275,21.3474978,Макпетрол,Makpetrol,Unknown,yes,Unknown,yes,Unknown,Unknown,Unknown
41.0213268,21.3202475,Макпетрол,Makpetrol,Unknown,yes,Unknown,yes,Unknown,Unknown,yes
41.9137908,22.4118271,Макпетрол,Makpetrol,Unknown,Unknown,Unknown,Unknown,Unknown,Unknown,Unknown
41.9044882,22.4022535,Макпетрол,Makpetrol,Unknown,Unknown,Unknown,Unknown,Unknown,Unknown,Unknown
41.9139729,22.4279142,Макпетрол,Makpetrol,Unknown,Unknown,Unknown,Unknown,Unknown,Unknown,Unknown
41.8325769,22.2354096,Ваго Петрол,Vago Petrol,Unknown,Unknown,Unknown,Unknown,Unknown,Unknown,Unknown
41.3961069,23.1895924,Petrol Station,Unknown,Unknown,Unknown,Unknown,Unknown,Unknown,Unknown,Unknown
41.4470394,22.64257,Макпетрол,Makpetrol,Unknown,Unknown,Unknown,Unknown,Unknown,Unknown,Unknown
42.153537,21.7306025,Сателит 2000,Satelit 2000,Unknown,Unknown,Unknown,Unknown,Unknown,Unknown,Unknown
42.1962775,22.3209044,Макпетрол,Makpetrol,Mo-Fr 08:30-22:00,Unknown,Unknown,Unknown,Unknown,Unknown,Unknown
41.3990099,23.2229862,Petrol Station,Unknown,Unknown,Unknown,Unknown,Unknown,Unknown,Unknown,Unknown
42.1999934,22.3249713,Макпетрол,Makpetrol,24/7,Unknown,Unknown,Unknown,Unknown,Unknown,Unknown
41.4838189,22.0805707,Okta,Unknown,Unknown,Unknown,Unknown,Unknown,Unknown,Unknown,Unknown
42.1704792,22.1637549,Krater,Unknown,24/7,Unknown,Unknown,Unknown,Unknown,Unknown,Unknown
42.2104539,22.3437876,Moderna,Unknown,24/7,Unknown,Unknown,Unknown,Unknown,Unknown,Unknown
41.1668745,20.7340254,7 Браќа,Unknown,Unknown,Unknown,Unknown,Unknown,Unknown,Unknown,Unknown
41.9996401,21.5705814,Макпетрол,Makpetrol,Unknown,Unknown,Unknown,Unknown,Unknown,Unknown,Unknown
41.9046365,21.6559953,Окта,Okta,Unknown,Unknown,Unknown,Unknown,Unknown,Unknown,Unknown
42.4182619,20.4256948,Pali Com Petrol,Unknown,Unknown,Unknown,Unknown,Unknown,Unknown,Unknown,Unknown
41.3401667,22.4452648,Макпетрол,Makpetrol,Unknown,Unknown,Unknown,Unknown,Unknown,Unknown,Unknown
42.524465,20.561755,Benita Petrol,Unknown,Unknown,Unknown,Unknown,Unknown,Unknown,Unknown,Unknown
41.1824048,20.6760443,Макпетрол,Makpetrol,Unknown,Unknown,Unknown,Unknown,Unknown,Unknown,Unknown
42.432924,23.8511627,Petrol Station,Lukoil,Unknown,Unknown,Unknown,Unknown,Unknown,Unknown,Unknown
42.3370696,20.5789088,D-Jupa,Unknown,Unknown,Unknown,Unknown,Unknown,Unknown,Unknown,Unknown
42.2161806,20.7283179,Kosova Petrol,Unknown,Unknown,Unknown,Unknown,Unknown,Unknown,Unknown,Unknown
41.2852833,19.8564667,Petrol Station,Unknown,Unknown,Unknown,Unknown,Unknown,Unknown,Unknown,Unknown
41.2730032,19.8454525,Neri,Unknown,Unknown,Unknown,Unknown,Unknown,Unknown,Unknown,Unknown
41.271832,19.8433348,Start,Unknown,Unknown,Unknown,Unknown,Unknown,Unknown,Unknown,Unknown
41.2534103,19.8916617,Petrol Station,Unknown,Unknown,Unknown,Unknown,Unknown,Unknown,Unknown,Unknown
41.2549976,19.8876027,Petrol Station,Unknown,Unknown,Unknown,Unknown,Unknown,Unknown,Unknown,Unknown
41.2350364,19.9244842,Petrol Station,Unknown,Unknown,yes,Unknown,Unknown,yes,Unknown,Unknown
41.2353913,19.9183996,Petrol Station,Unknown,Unknown,yes,Unknown,Unknown,yes,Unknown,Unknown
41.2571157,19.8838258,Petrol Station,Unknown,Unknown,Unknown,Unknown,Unknown,Unknown,Unknown,Unknown
40.7077026,20.7144439,Petrol Station,Unknown,Unknown,Unknown,Unknown,Unknown,Unknown,Unknown,Unknown
41.1225085,20.1090871,Petrol Station,Unknown,Unknown,Unknown,Unknown,Unknown,Unknown,Unknown,Unknown
41.1049499,20.0793261,Petrol Station,Unknown,Unknown,Unknown,Unknown,Unknown,Unknown,Unknown,Unknown
41.219172,19.9423255,Mobil FilOil,Unknown,Unknown,Unknown,Unknown,Unknown,Unknown,Unknown,Unknown
41.1312506,20.1364435,Labinoti Oil,Unknown,Unknown,Unknown,Unknown,Unknown,Unknown,Unknown,Unknown
41.1048767,20.0801933,Petrol Station,Unknown,Unknown,Unknown,Unknown,Unknown,Unknown,Unknown,Unknown
41.103731,20.0593071,Petrol Station,Unknown,Unknown,Unknown,Unknown,Unknown,Unknown,Unknown,Unknown
41.1000206,20.4376738,Petrol Station,Unknown,Unknown,Unknown,Unknown,Unknown,Unknown,Unknown,Unknown
42.3246109,22.7567465,Petrol Station,Unknown,Unknown,Unknown,Unknown,Unknown,Unknown,Unknown,yes
41.0830492,21.0230743,Макпетрол,Makpetrol,24/7,yes,Unknown,yes,yes,Unknown,Unknown
41.0977968,21.0117196,Макпетрол,Makpetrol,Unknown,yes,no,yes,yes,Unknown,Unknown
40.9689465,22.619133,ΕΚΟ,Unknown,Unknown,Unknown,Unknown,Unknown,Unknown,Unknown,Unknown
42.3747311,21.7146013,Rainca Petrol,Unknown,Unknown,Unknown,Unknown,Unknown,Unknown,Unknown,Unknown
42.3020922,21.6696385,NEW Petrol,Unknown,Unknown,yes,Unknown,yes,yes,Unknown,Unknown
42.3057694,21.6526753,ЈУ Петрол Прешево,Unknown,Unknown,yes,no,yes,yes,no,Unknown
42.4538829,21.7696036,ЈУ петрол,Unknown,Unknown,Unknown,Unknown,Unknown,Unknown,Unknown,Unknown
40.8430625,21.5019712,Petrol Station,Unknown,Unknown,Unknown,Unknown,Unknown,Unknown,Unknown,Unknown
40.8186135,21.5408665,Petrol Station,Unknown,Unknown,Unknown,Unknown,Unknown,Unknown,Unknown,Unknown
41.0371043,21.3478549,Окта,Okta,Unknown,Unknown,Unknown,Unknown,Unknown,Unknown,Unknown
42.4612568,21.766494,ЈУ петрол,Unknown,Unknown,Unknown,Unknown,Unknown,Unknown,Unknown,Unknown
42.453873,21.7628764,Pompa Agimi,Unknown,Unknown,Unknown,Unknown,Unknown,Unknown,Unknown,Unknown
42.4233129,21.7391698,Valoni Petrol,Unknown,Unknown,Unknown,Unknown,Unknown,Unknown,Unknown,Unknown
42.4156129,21.7355343,Valoni Petrol,Unknown,Unknown,Unknown,Unknown,Unknown,Unknown,Unknown,Unknown
42.3835184,21.1672688,HIB Petrol,Unknown,24/7,Unknown,Unknown,Unknown,Unknown,Unknown,Unknown
42.3613265,20.829696,Kosova Petrol,Unknown,Unknown,Unknown,Unknown,Unknown,Unknown,Unknown,Unknown
41.8867532,22.4995901,Макпетрол,Makpetrol,Unknown,Unknown,Unknown,Unknown,Unknown,Unknown,Unknown
41.8877206,22.5101443,Dadi Kompani,Unknown,Unknown,Unknown,Unknown,Unknown,Unknown,Unknown,Unknown
40.8594364,21.4906109,Βενζινάδικο Μήτσου,Unknown,Unknown,Unknown,Unknown,Unknown,Unknown,Unknown,Unknown
40.7250987,22.6072361,BP Tsalonis,Unknown,Unknown,no,Unknown,Unknown,Unknown,Unknown,Unknown
42.0790221,23.039548,Петрол,Petrol,Unknown,yes,Unknown,yes,Unknown,Unknown,yes
41.851198,23.4810657,Газпром,Gazprom,Unknown,Unknown,Unknown,Unknown,Unknown,Unknown,Unknown
42.2069368,23.068859,Петрол,Petrol,Unknown,Unknown,Unknown,Unknown,Unknown,Unknown,Unknown
42.4494873,23.1186582,Петрол,Petrol,Unknown,Unknown,Unknown,Unknown,Unknown,Unknown,Unknown
42.0244681,21.3507382,Макпетрол,Makpetrol,Unknown,Unknown,Unknown,Unknown,Unknown,Unknown,Unknown
41.3694156,19.7680791,Kastrati,Unknown,Unknown,Unknown,Unknown,Unknown,Unknown,Unknown,Unknown
42.0177183,21.4304245,Макпетрол,Makpetrol,24/7,yes,yes,yes,yes,Unknown,Unknown
40.7064534,23.0395423,Petrol Station,Unknown,Unknown,Unknown,Unknown,Unknown,Unknown,Unknown,Unknown
41.1134534,22.5568232,BP,Unknown,Unknown,Unknown,Unknown,Unknown,Unknown,Unknown,Unknown
42.0773617,21.7001437,Макпетрол,Makpetrol,Unknown,Unknown,Unknown,Unknown,Unknown,Unknown,Unknown
42.1057063,21.6996066,Shell,Unknown,Unknown,Unknown,Unknown,Unknown,Unknown,Unknown,Unknown
42.1740192,21.7085282,Детоил,Detoil,Unknown,Unknown,Unknown,Unknown,Unknown,Unknown,Unknown
42.1778758,21.707922,Shell,Unknown,Unknown,Unknown,Unknown,Unknown,Unknown,Unknown,Unknown
41.5468817,23.2702747,OMV,Unknown,24/7,Unknown,Unknown,Unknown,Unknown,Unknown,Unknown
42.2811087,23.141431,Lukoil,Unknown,Unknown,Unknown,Unknown,Unknown,Unknown,Unknown,Unknown
41.0458796,21.2895872,Лукоил,Lukoil,Unknown,yes,Unknown,yes,yes,Unknown,yes
42.2066705,20.7212045,Fatoni Petrol,Unknown,Unknown,Unknown,Unknown,Unknown,Unknown,Unknown,Unknown
40.9845655,22.8647558,ΕΤΕΚΑ,Unknown,Unknown,Unknown,Unknown,Unknown,Unknown,Unknown,Unknown
40.7950005,21.4379382,Ελίν,Unknown,Unknown,yes,Unknown,yes,Unknown,yes,yes
41.7219256,21.7876414,Лукоил,Lukoil,Unknown,Unknown,Unknown,Unknown,Unknown,Unknown,Unknown
41.7235039,21.7870314,Макпетрол,Makpetrol,Unknown,Unknown,Unknown,Unknown,Unknown,Unknown,Unknown
41.717403,21.7628783,Брако Петрол,Unknown,Unknown,Unknown,Unknown,Unknown,Unknown,Unknown,Unknown
40.9299456,22.8475204,Petrol Station,Unknown,Unknown,Unknown,Unknown,Unknown,Unknown,Unknown,yes
40.7639373,22.5769232,Aegean,Unknown,Unknown,yes,Unknown,Unknown,Unknown,Unknown,yes
40.8593056,22.5838771,Abandoned,Unknown,Unknown,Unknown,Unknown,Unknown,Unknown,Unknown,Unknown
40.8356556,22.5899911,KMoil,Unknown,Unknown,Unknown,Unknown,Unknown,Unknown,Unknown,Unknown
40.9695297,22.6205277,ΕΚΟ,Unknown,Unknown,Unknown,Unknown,Unknown,Unknown,Unknown,Unknown
40.8965276,22.5612346,revoil,Unknown,Unknown,Unknown,Unknown,Unknown,Unknown,Unknown,yes
40.6735957,22.8050603,KAOIL,Unknown,Unknown,Unknown,Unknown,Unknown,Unknown,Unknown,Unknown
40.6838111,22.9411912,Shell,Unknown,Unknown,Unknown,Unknown,Unknown,Unknown,Unknown,Unknown
41.4150648,22.8760731,Макпетрол,Makpetrol,Unknown,Unknown,Unknown,Unknown,Unknown,Unknown,Unknown
41.4395156,22.6547526,Макпетрол,Makpetrol,Unknown,yes,Unknown,yes,Unknown,yes,yes
41.4392709,22.6508055,МаријаТрејд,MarijaTrejd,Unknown,Unknown,Unknown,Unknown,Unknown,Unknown,Unknown
41.4404814,22.6659707,Лукоил,Lukoil,Unknown,Unknown,Unknown,Unknown,Unknown,Unknown,Unknown
41.4120197,22.7304,Макпетрол,Makpetrol,Unknown,Unknown,Unknown,Unknown,Unknown,Unknown,Unknown
41.4404486,22.7050143,Национал,Nacional,Unknown,Unknown,Unknown,Unknown,Unknown,Unknown,Unknown
41.4399258,22.6542913,Макпетрол,Makpetrol,Unknown,yes,Unknown,yes,Unknown,Unknown,Unknown
41.2237281,22.7007524,Макпетрол,Makpetrol,Unknown,Unknown,Unknown,Unknown,Unknown,Unknown,Unknown
42.0966939,20.4758279,eida,Unknown,Unknown,Unknown,Unknown,Unknown,Unknown,Unknown,Unknown
41.6327131,19.9352092,Ceka Petrol,Unknown,Unknown,Unknown,Unknown,Unknown,Unknown,Unknown,Unknown
41.564912,19.6732453,Reci Oil,Unknown,Unknown,Unknown,Unknown,Unknown,Unknown,Unknown,Unknown
41.7045092,19.7738915,Taci Oil,Unknown,Unknown,Unknown,Unknown,Unknown,Unknown,Unknown,Unknown
42.1961159,20.6608956,Petrol Station,Unknown,24/7,Unknown,Unknown,Unknown,Unknown,Unknown,Unknown
41.6470673,23.1956202,Petrol Station,Petrogas,Unknown,Unknown,Unknown,Unknown,Unknown,Unknown,Unknown
41.7102598,23.1724134,Eko,Unknown,Unknown,yes,Unknown,yes,yes,Unknown,Unknown
41.9043533,21.6544066,Окта,Okta,Unknown,Unknown,Unknown,Unknown,Unknown,Unknown,Unknown
42.0527787,21.4502851,Евро Оил,Unknown,Unknown,Unknown,Unknown,Unknown,Unknown,Unknown,Unknown
42.0549098,21.4512288,Окта,Unknown,Unknown,Unknown,Unknown,Unknown,Unknown,Unknown,Unknown
41.7999365,22.0040349,Окта,Оkta,Unknown,Unknown,Unknown,Unknown,Unknown,Unknown,Unknown
42.1719716,21.8132634,Мак Оил - Ново Нагоричане,Unknown,Unknown,Unknown,Unknown,Unknown,Unknown,Unknown,Unknown
40.6903055,22.8598934,Shell,Unknown,Unknown,no,Unknown,yes,yes,yes,no
40.8122536,23.3115335,Petrol Station,Unknown,Unknown,Unknown,Unknown,Unknown,Unknown,Unknown,Unknown
40.8141889,23.3460921,SilkOil,Unknown,Unknown,Unknown,Unknown,Unknown,Unknown,Unknown,Unknown
41.5163603,22.6151022,БензОил,BenzOil,Unknown,Unknown,Unknown,Unknown,Unknown,Unknown,Unknown
41.0465729,21.0087805,АЕ Petrol,Unknown,Unknown,yes,yes,yes,yes,Unknown,yes
41.9938542,21.0274423,Лукоил,Lukoil,Unknown,Unknown,Unknown,Unknown,Unknown,Unknown,Unknown
40.7691723,22.5773786,Ελίν,Unknown,Unknown,Unknown,Unknown,Unknown,Unknown,Unknown,Unknown
40.8218199,22.5916278,AVIN,Unknown,Unknown,Unknown,Unknown,Unknown,Unknown,Unknown,Unknown
40.7966816,22.5801987,Petrol Station,Unknown,Unknown,yes,Unknown,Unknown,Unknown,Unknown,yes
40.7726022,22.5771532,Α.Π.,Unknown,Unknown,Unknown,Unknown,Unknown,Unknown,Unknown,Unknown
42.4669693,21.4465132,Petrol Company,Unknown,Unknown,yes,Unknown,Unknown,Unknown,Unknown,Unknown
42.4459129,21.4593632,Astoria Petrol,Unknown,Unknown,yes,Unknown,Unknown,Unknown,Unknown,Unknown
42.4520959,21.4614056,Kosova Petrol,Unknown,Unknown,yes,Unknown,Unknown,Unknown,Unknown,Unknown
42.2420459,20.751726,LD Petrol,Unknown,Unknown,Unknown,Unknown,Unknown,Unknown,Unknown,Unknown
41.173458,20.6544492,Окта,Okta,Unknown,Unknown,Unknown,Unknown,Unknown,Unknown,Unknown
42.2151875,20.7262012,Fresh Petrol,Unknown,Unknown,Unknown,Unknown,Unknown,Unknown,Unknown,Unknown
42.2278976,20.753717,Breu Petrol,Unknown,Unknown,Unknown,Unknown,Unknown,Unknown,Unknown,Unknown
42.2447263,21.702664,МОЛ Прешево,Unknown,Unknown,yes,Unknown,yes,Unknown,Unknown,yes
42.0697681,20.4276434,Petrol Station,Unknown,Unknown,yes,Unknown,Unknown,Unknown,Unknown,Unknown
40.7222176,22.6897717,ΕΤΕΚΑ,Unknown,Unknown,Unknown,Unknown,Unknown,Unknown,Unknown,Unknown
40.7277417,22.6729734,aegean,Unknown,Unknown,Unknown,Unknown,Unknown,Unknown,Unknown,Unknown
40.7273278,22.6751705,jet oil,Unknown,Unknown,Unknown,Unknown,Unknown,Unknown,Unknown,Unknown
41.9765627,21.4433824,Макпетрол,Makpetrol,24/7,yes,yes,yes,yes,Unknown,Unknown
41.1257242,20.7870662,Лукоил,Lukoil,Unknown,Unknown,Unknown,Unknown,Unknown,Unknown,Unknown
41.6719771,20.8540275,Лукоил,Lukoil,Unknown,Unknown,Unknown,Unknown,Unknown,Unknown,Unknown
41.9874822,21.0667107,Лукоил,Lukoil,Unknown,Unknown,Unknown,Unknown,Unknown,Unknown,Unknown
41.9439857,21.4976245,Лукоил,Lukoil,Unknown,Unknown,Unknown,Unknown,Unknown,Unknown,Unknown
41.1245188,20.8137355,Лукоил,Lukoil,Unknown,Unknown,Unknown,Unknown,Unknown,Unknown,Unknown
41.1758357,20.6985426,Макпетрол,Makpetrol,24/7,Unknown,Unknown,Unknown,Unknown,Unknown,Unknown
42.0297687,21.4444186,Макпетрол,Makpetrol,Unknown,Unknown,Unknown,Unknown,Unknown,Unknown,Unknown
41.9362492,21.5130861,Макпетрол,Makpetrol,Unknown,Unknown,Unknown,Unknown,Unknown,Unknown,Unknown
42.0328615,21.4018514,Макпетрол,Makpetrol,Unknown,Unknown,Unknown,Unknown,Unknown,Unknown,Unknown
42.1233045,21.7340269,Макпетрол,Makpetrol,Unknown,Unknown,Unknown,Unknown,Unknown,Unknown,Unknown
42.1397978,21.7192894,Макпетрол,Makpetrol,Unknown,Unknown,Unknown,Unknown,Unknown,Unknown,Unknown
41.7733628,22.1409234,Макпетрол,Makpetrol,Unknown,Unknown,Unknown,Unknown,Unknown,Unknown,Unknown
41.7734988,22.1396252,Макпетрол,Makpetrol,Unknown,Unknown,Unknown,Unknown,Unknown,Unknown,Unknown
41.7187095,21.773306,Макпетрол,Makpetrol,Unknown,Unknown,Unknown,Unknown,Unknown,Unknown,Unknown
41.8601232,21.9513344,Макпетрол,Makpetrol,Unknown,Unknown,Unknown,Unknown,Unknown,Unknown,Unknown
42.078774,22.1646448,Макпетрол,Makpetrol,Unknown,Unknown,Unknown,Unknown,Unknown,Unknown,Unknown
41.9807431,22.1907803,Макпетрол,Makpetrol,Unknown,Unknown,Unknown,Unknown,Unknown,Unknown,Unknown
42.0035143,20.9881251,Макпетрол,Makpetrol,Unknown,Unknown,Unknown,Unknown,Unknown,Unknown,Unknown
42.0192838,20.9803998,Макпетрол,Makpetrol,24/7,Unknown,Unknown,Unknown,Unknown,Unknown,Unknown
41.4965592,20.9464643,Макпетрол,Makpetrol,Unknown,Unknown,Unknown,Unknown,Unknown,Unknown,Unknown
41.3387805,22.4454812,Макпетрол,Makpetrol,Unknown,Unknown,Unknown,Unknown,Unknown,Unknown,Unknown
41.6279865,22.456218,Makpetrol,Unknown,Unknown,Unknown,Unknown,Unknown,Unknown,Unknown,Unknown
41.760693,22.8731701,Макпетрол,Makpetrol,Unknown,Unknown,Unknown,Unknown,Unknown,Unknown,Unknown
41.8035327,20.9145782,Макпетрол,Makpetrol,Unknown,Unknown,Unknown,Unknown,Unknown,Unknown,Unknown
41.6283053,22.4558264,Lukoil,Lukoil,Unknown,Unknown,Unknown,Unknown,Unknown,Unknown,Unknown
41.4105326,22.2470513,Макпетрол,Makpetrol,Unknown,Unknown,Unknown,Unknown,Unknown,Unknown,Unknown
41.4226153,22.6523331,Макпетрол,Makpetrol,Unknown,Unknown,Unknown,Unknown,Unknown,Unknown,Unknown
41.5143142,20.5189355,Макпетрол,Makpetrol,Unknown,Unknown,Unknown,Unknown,Unknown,Unknown,Unknown
41.1488035,22.5149236,Шимов,Shimov,Unknown,Unknown,Unknown,Unknown,Unknown,Unknown,Unknown
41.1475916,22.51016,Макпетрол,Makpetrol,Unknown,Unknown,Unknown,Unknown,Unknown,Unknown,Unknown
41.2104726,22.5956686,Макпетрол,Makpetrol,Unknown,Unknown,Unknown,Unknown,Unknown,Unknown,Unknown
41.1364881,22.5454566,Окта,Okta,Unknown,Unknown,Unknown,Unknown,Unknown,Unknown,Unknown
41.1512473,22.5129603,Макпетрол,Makpetrol,Unknown,Unknown,Unknown,Unknown,Unknown,Unknown,Unknown
41.9689531,21.5702815,Макпетрол,Makpetrol,Unknown,Unknown,Unknown,Unknown,Unknown,Unknown,Unknown
41.942927,21.605853,Макпетрол,Makpetrol,Unknown,Unknown,Unknown,Unknown,Unknown,Unknown,Unknown
41.99577,21.5499665,Макпетрол,Makpetrol,Unknown,Unknown,Unknown,Unknown,Unknown,Unknown,Unknown
41.4992409,22.0999424,Макпетрол,Makpetrol,Unknown,Unknown,Unknown,Unknown,Unknown,Unknown,Unknown
41.1237594,20.8124001,Макпетрол,Makpetrol,Unknown,Unknown,Unknown,Unknown,Unknown,Unknown,Unknown
41.7042752,20.7609787,Макпетрол,Makpetrol,Mo-Su 07:00-20:00,Unknown,Unknown,Unknown,Unknown,Unknown,Unknown
41.9150372,20.911055,Макпетрол,Makpetrol,Unknown,Unknown,Unknown,Unknown,Unknown,Unknown,Unknown
41.1062856,20.8152625,Макпетрол,Makpetrol,Unknown,Unknown,Unknown,Unknown,Unknown,Unknown,Unknown
41.6311497,20.607058,Макпетрол,Makpetrol,Unknown,Unknown,Unknown,Unknown,Unknown,Unknown,Unknown
41.2153422,21.2046442,Макпетрол,Makpetrol,Unknown,Unknown,Unknown,Unknown,Unknown,Unknown,Unknown
41.1373657,20.8210883,Макпетрол,Makpetrol,Unknown,Unknown,Unknown,Unknown,Unknown,Unknown,Unknown
42.0736357,21.1177299,Макпетрол,Makpetrol,Unknown,Unknown,Unknown,Unknown,Unknown,Unknown,Unknown
42.0214393,22.5857701,Макпетрол,Makpetrol,Unknown,Unknown,Unknown,Unknown,Unknown,Unknown,Unknown
41.6917389,22.166616,Макпетрол,Makpetrol,Unknown,Unknown,Unknown,Unknown,Unknown,Unknown,Unknown
41.5414346,22.4078109,Макпетрол,Makpetrol,Unknown,Unknown,Unknown,Unknown,Unknown,Unknown,Unknown
41.7204345,21.7673004,Окта,Okta,Unknown,Unknown,Unknown,Unknown,Unknown,Unknown,Unknown
41.4404192,22.660062,ЕкоОил,EcoOil,Unknown,yes,Unknown,yes,yes,Unknown,Unknown
41.4410707,22.6484534,Окта,Okta,Unknown,Unknown,Unknown,Unknown,Unknown,Unknown,Unknown
41.1259146,20.8136195,Окта,Okta,Unknown,Unknown,Unknown,Unknown,Unknown,Unknown,Unknown
41.9972088,20.9829535,Окта,Okta,Unknown,Unknown,Unknown,Unknown,Unknown,Unknown,Unknown
41.80187,20.9147691,Окта,Okta,Unknown,Unknown,Unknown,Unknown,Unknown,Unknown,Unknown
41.3054677,20.7983612,Окта,Okta,Unknown,Unknown,Unknown,Unknown,Unknown,Unknown,Unknown
41.986615,20.958756,Окта,Okta,Unknown,Unknown,Unknown,Unknown,Unknown,Unknown,Unknown
42.3747955,20.4432486,Nesim Bakija,Unknown,Unknown,Unknown,Unknown,Unknown,Unknown,Unknown,Unknown
41.5808765,23.7445402,Shell,Unknown,Unknown,Unknown,Unknown,Unknown,Unknown,Unknown,Unknown
41.8756047,23.4134151,Shell,Unknown,Unknown,Unknown,Unknown,Unknown,Unknown,Unknown,Unknown
42.3142763,23.8572154,Lukoil,Unknown,Unknown,yes,Unknown,yes,Unknown,Unknown,yes
42.4422237,21.0552385,Ibrahimi,Unknown,Unknown,Unknown,Unknown,Unknown,Unknown,Unknown,Unknown
42.4891526,20.3250338,Fati Petrol,Unknown,Unknown,Unknown,Unknown,Unknown,Unknown,Unknown,Unknown
41.5744137,19.6742603,Eri Oil,Unknown,Unknown,Unknown,Unknown,Unknown,Unknown,Unknown,Unknown
42.4578901,20.977305,Lindi Petrol,Unknown,Unknown,Unknown,Unknown,Unknown,Unknown,Unknown,Unknown
41.9234042,20.9445332,Нептун Петрол,Neptun Petrol,Unknown,Unknown,Unknown,Unknown,Unknown,Unknown,Unknown
42.4691685,21.439337,Ferizi Petrol,Unknown,Unknown,Unknown,Unknown,Unknown,Unknown,Unknown,Unknown
42.4302242,21.4760933,Gani Petrol,Unknown,Unknown,Unknown,Unknown,Unknown,Unknown,Unknown,Unknown
42.4501723,21.4615179,"'Bujana Petrol - BP'""""",Unknown,Unknown,Unknown,Unknown,Unknown,Unknown,Unknown,Unknown
42.3248849,21.4008625,Jeta,Unknown,Unknown,Unknown,Unknown,Unknown,Unknown,Unknown,Unknown
42.2954849,21.2100724,Ballkan Petroll,Unknown,Unknown,Unknown,Unknown,Unknown,Unknown,Unknown,Unknown
42.278194,21.2084094,Shkendija,Unknown,Unknown,Unknown,Unknown,Unknown,Unknown,Unknown,Unknown
42.3482689,21.3708105,"Pompa e Benzinës 'Tafa'""""",Unknown,Unknown,Unknown,Unknown,Unknown,Unknown,Unknown,Unknown
40.7574954,22.9787415,Petrol Station,Unknown,Unknown,yes,Unknown,yes,Unknown,Unknown,yes
42.005893,23.0859131,Метан,Unknown,Unknown,Unknown,Unknown,Unknown,Unknown,Unknown,Unknown
42.01298,23.0686183,Метан,Unknown,Unknown,Unknown,Unknown,Unknown,Unknown,Unknown,Unknown
40.6957886,19.978311,Taçi Oil,Unknown,Unknown,Unknown,Unknown,Unknown,Unknown,Unknown,Unknown
40.7008521,19.9684099,Edjani,Unknown,Unknown,Unknown,Unknown,Unknown,Unknown,Unknown,Unknown
41.2848107,19.7191519,Internacional,Unknown,24/7,yes,Unknown,Unknown,yes,Unknown,Unknown
40.973742,19.8946054,Freie Tankstelle Belsh,Unknown,Unknown,Unknown,Unknown,Unknown,Unknown,Unknown,Unknown
41.0840273,19.6194879,Marsok Oil,Unknown,24/7,yes,Unknown,yes,Unknown,Unknown,yes
41.0902053,19.6149368,Taçi Oil,Unknown,Unknown,Unknown,Unknown,Unknown,Unknown,Unknown,Unknown
41.1108657,19.6068221,Taçi Oil,Unknown,Unknown,Unknown,Unknown,Unknown,Unknown,Unknown,Unknown
41.1451869,19.5905234,Kastrati,Unknown,24/7,Unknown,Unknown,Unknown,Unknown,Unknown,Unknown
40.9215596,19.7012095,Alpet,Unknown,Unknown,Unknown,Unknown,Unknown,Unknown,Unknown,Unknown
40.8016577,19.6098845,Special,Unknown,Unknown,Unknown,Unknown,Unknown,Unknown,Unknown,Unknown
40.8022179,19.609265,Special,Unknown,Unknown,Unknown,Unknown,Unknown,Unknown,Unknown,Unknown
40.7533753,19.9225542,Mamo,Unknown,Unknown,Unknown,Unknown,Unknown,Unknown,Unknown,Unknown
40.7672234,19.89974,LUANI oil,Unknown,Unknown,Unknown,Unknown,Unknown,Unknown,Unknown,Unknown
40.7673603,19.8998606,Petrol Station,Unknown,Unknown,Unknown,Unknown,Unknown,Unknown,Unknown,Unknown
40.7735692,19.8864553,Petrol Station,Unknown,Unknown,Unknown,Unknown,Unknown,Unknown,Unknown,Unknown
40.7739786,19.873432,Euro Petrol,Unknown,Unknown,Unknown,Unknown,Unknown,Unknown,Unknown,Unknown
40.6875111,20.0160303,Petrol Station,Unknown,Unknown,Unknown,Unknown,Unknown,Unknown,Unknown,Unknown
41.0479158,23.3155057,Kaoil,Unknown,Unknown,Unknown,Unknown,Unknown,Unknown,Unknown,Unknown
42.3743669,20.3989068,Pompa D Z ne Meje,Unknown,Unknown,Unknown,Unknown,Unknown,Unknown,Unknown,Unknown
42.505309,20.6933023,Petrol Station,Unknown,Unknown,Unknown,Unknown,Unknown,Unknown,Unknown,Unknown
42.5020885,20.7069725,Petrol Station,Unknown,Unknown,Unknown,Unknown,Unknown,Unknown,Unknown,Unknown
42.4866674,20.7454832,Petrol Station,Unknown,Unknown,Unknown,Unknown,Unknown,Unknown,Unknown,Unknown
42.4902114,20.7464062,Petrol Station,Unknown,Unknown,Unknown,Unknown,Unknown,Unknown,Unknown,Unknown
42.477106,20.7540331,Petrol Station,Unknown,Unknown,Unknown,Unknown,Unknown,Unknown,Unknown,Unknown
42.4692678,20.7729896,Petrol Station,Unknown,Unknown,Unknown,Unknown,Unknown,Unknown,Unknown,Unknown
42.3706913,21.1984865,Hib Petrol,Unknown,24/7,Unknown,Unknown,Unknown,Unknown,Unknown,Unknown
42.3215816,20.6238833,Jazi 1,Unknown,Unknown,Unknown,Unknown,Unknown,Unknown,Unknown,Unknown
42.2683775,20.6780132,Korabi,Unknown,Unknown,Unknown,Unknown,Unknown,Unknown,Unknown,Unknown
42.2423145,20.6997001,Oferta de luxe,Unknown,Unknown,Unknown,Unknown,Unknown,Unknown,Unknown,Unknown
42.5064726,21.1115304,Petrol Station,Unknown,Unknown,Unknown,Unknown,Unknown,Unknown,Unknown,Unknown
42.5080276,21.1111278,Luma Petrol,Unknown,Unknown,Unknown,Unknown,Unknown,Unknown,Unknown,Unknown
42.5254028,21.6622237,Petrol Station,Unknown,Unknown,Unknown,Unknown,Unknown,Unknown,Unknown,Unknown
42.5086705,21.63489,Petrol Station,Albina Petrol,Unknown,Unknown,Unknown,Unknown,Unknown,Unknown,Unknown
42.189123,22.3025336,Макоил,Unknown,Unknown,Unknown,Unknown,Unknown,Unknown,Unknown,Unknown
40.7059032,22.9346785,AVIN,Unknown,Unknown,yes,Unknown,yes,Unknown,Unknown,Unknown
41.3245424,19.8097913,Alpet,Unknown,Unknown,Unknown,Unknown,Unknown,Unknown,Unknown,Unknown
41.3104666,19.7593051,Eida,Unknown,24/7,yes,Unknown,yes,Unknown,yes,yes
41.4490785,22.6416485,Лукоил,Unknown,Unknown,yes,Unknown,yes,yes,Unknown,yes
42.3421797,21.1834721,N.T. Global Trade,Unknown,Unknown,Unknown,Unknown,Unknown,Unknown,Unknown,Unknown
41.2817147,19.8564666,Eida,Unknown,Unknown,Unknown,Unknown,Unknown,Unknown,Unknown,Unknown
41.3150752,19.8127658,Kastrati,Unknown,Unknown,Unknown,Unknown,Unknown,Unknown,Unknown,Unknown
40.7906204,21.4317537,EKO,Unknown,Unknown,Unknown,Unknown,Unknown,Unknown,Unknown,Unknown
42.3693328,20.4199104,Komani Petrol,Komani Petrol,Mo-Su 06:30-21:00,Unknown,Unknown,Unknown,Unknown,Unknown,Unknown
42.3173718,20.6302711,Bashkimi Petrol,Unknown,Unknown,Unknown,Unknown,Unknown,Unknown,Unknown,Unknown
42.2973678,20.6634361,Fatoni,Unknown,Unknown,Unknown,Unknown,Unknown,Unknown,Unknown,Unknown
42.2835844,20.677224,Pashtriku Petrol,Unknown,Unknown,Unknown,Unknown,Unknown,Unknown,Unknown,Unknown
42.231679,20.7130901,Al Petrol,Unknown,Unknown,Unknown,Unknown,Unknown,Unknown,Unknown,Unknown
42.2254563,20.7208576,AL Petrol,Unknown,Unknown,Unknown,Unknown,Unknown,Unknown,Unknown,Unknown
40.707075,22.9544546,BP,Unknown,Unknown,Unknown,Unknown,Unknown,Unknown,Unknown,Unknown
40.7992275,22.0485798,ΕΚΟ,Unknown,Unknown,Unknown,Unknown,Unknown,Unknown,Unknown,Unknown
42.3563361,23.5480617,Видница,Unknown,24/7,yes,Unknown,yes,yes,Unknown,yes
41.629196,22.446163,Jovan Petrol,Unknown,Unknown,Unknown,Unknown,Unknown,Unknown,Unknown,Unknown
40.9910584,22.5932241,shell,Unknown,Unknown,Unknown,Unknown,Unknown,Unknown,Unknown,Unknown
40.9463346,22.4623489,Shell,Unknown,Unknown,Unknown,Unknown,Unknown,Unknown,Unknown,Unknown
42.3096252,23.7854038,Petrol Station,Unknown,Unknown,Unknown,Unknown,Unknown,Unknown,Unknown,Unknown
40.8020253,22.0430935,BP,Unknown,Unknown,Unknown,Unknown,Unknown,Unknown,Unknown,Unknown
40.8041886,22.0027219,Petrol Station,Unknown,Unknown,Unknown,Unknown,Unknown,Unknown,Unknown,Unknown
41.2529196,23.3722496,Kaoil,Unknown,Unknown,Unknown,Unknown,Unknown,Unknown,Unknown,Unknown
41.5433227,23.2712357,Petrol Station,Eurogas,Unknown,Unknown,Unknown,Unknown,Unknown,Unknown,Unknown
41.0583553,23.6865834,Shell,Unknown,Unknown,Unknown,Unknown,Unknown,Unknown,Unknown,Unknown
42.0064583,23.0951967,OMV,Unknown,24/7,Unknown,Unknown,Unknown,Unknown,Unknown,Unknown
40.6955874,22.9361324,ΑΠ,Unknown,Unknown,Unknown,Unknown,Unknown,Unknown,Unknown,Unknown
40.8424864,22.5097847,revoil,Unknown,Unknown,Unknown,Unknown,Unknown,Unknown,Unknown,Unknown
42.5316567,21.0239651,Vllezerit Bytyçi,Unknown,07:00-23:00,yes,Unknown,Unknown,Unknown,Unknown,Unknown
41.4024579,19.6575423,Pike Gazi,Unknown,Unknown,Unknown,Unknown,Unknown,Unknown,Unknown,Unknown
41.461806,19.6892302,BAKALLI,Unknown,Unknown,Unknown,Unknown,Unknown,Unknown,Unknown,Unknown
41.4638461,19.6890746,ELDA,Unknown,Unknown,Unknown,Unknown,Unknown,Unknown,Unknown,Unknown
41.3997211,19.6460755,Alpet,Unknown,Unknown,Unknown,Unknown,Unknown,Unknown,Unknown,Unknown
41.3328554,23.8700705,jetoil,Unknown,Unknown,Unknown,Unknown,Unknown,Unknown,Unknown,Unknown
41.0963824,23.4734334,AEGEAN,Aegean,Unknown,Unknown,Unknown,Unknown,Unknown,Unknown,Unknown
40.9424196,22.4532238,Aegean,Unknown,Unknown,Unknown,Unknown,Unknown,Unknown,Unknown,Unknown
41.3325734,21.5553924,Салида,Unknown,Unknown,Unknown,Unknown,Unknown,Unknown,Unknown,Unknown
42.3565374,20.5638735,AL Petrol,Unknown,Unknown,Unknown,Unknown,Unknown,Unknown,Unknown,Unknown
42.3941429,20.6575797,Shell,Unknown,Unknown,Unknown,Unknown,Unknown,Unknown,Unknown,Unknown
42.2850534,22.7033494,Shell,Unknown,Unknown,Unknown,Unknown,Unknown,Unknown,Unknown,Unknown
42.3817109,20.4403286,IP Petrol,Unknown,Unknown,Unknown,Unknown,Unknown,Unknown,Unknown,Unknown
42.3895879,20.4385691,Pompa B3 Benz,Unknown,Unknown,Unknown,Unknown,Unknown,Unknown,Unknown,Unknown
42.3886687,20.4359727,Pompa Stella 2,Unknown,Unknown,Unknown,Unknown,Unknown,Unknown,Unknown,Unknown
42.4009758,20.4389259,Niko-S Group,Unknown,24/7,Unknown,Unknown,Unknown,Unknown,Unknown,Unknown
42.3840578,20.4389372,Niki-S,Unknown,Mo-Su 07:00-23:00,Unknown,Unknown,Unknown,Unknown,Unknown,Unknown
42.369855,20.4191156,Komani Petrol,Unknown,Mo-Su 06:00-00:00,Unknown,Unknown,Unknown,Unknown,Unknown,Unknown
42.535374,21.0058489,Trimi,Unknown,Unknown,Unknown,Unknown,Unknown,Unknown,Unknown,Unknown
41.063451,23.3517364,Shell,Unknown,Unknown,Unknown,Unknown,Unknown,Unknown,Unknown,Unknown
40.6826469,22.9252052,AVIN,Unknown,Unknown,Unknown,Unknown,Unknown,Unknown,Unknown,Unknown
41.2504123,22.4801699,РТ Петрол,Unknown,Unknown,Unknown,Unknown,Unknown,Unknown,Unknown,Unknown
41.439391,22.6533872,Бензоил,Benzoil,Unknown,Unknown,Unknown,Unknown,Unknown,Unknown,Unknown
41.4744482,22.6354573,ТритеролБенз,TriterolBenz,Unknown,Unknown,Unknown,Unknown,Unknown,Unknown,Unknown
41.451941,22.6392652,ГамаОил,GamaOil,Unknown,Unknown,Unknown,Unknown,Unknown,Unknown,Unknown
41.5807256,22.5187978,Макпетрол,Makpetrol,Unknown,Unknown,Unknown,Unknown,Unknown,Unknown,Unknown
41.9482661,21.4941204,РТ Петрол,RT Petrol,Unknown,Unknown,Unknown,Unknown,Unknown,Unknown,Unknown
40.8710405,23.8960313,ΕΚΟ,Unknown,Unknown,Unknown,Unknown,Unknown,Unknown,Unknown,Unknown
40.8499845,23.8537172,cyclon,Unknown,Unknown,Unknown,Unknown,Unknown,Unknown,Unknown,Unknown
41.9918127,21.4928064,Мотоцентар,Unknown,Unknown,Unknown,Unknown,Unknown,Unknown,Unknown,Unknown
41.9900511,21.4963956,АП Петрол,AP Petrol,Unknown,Unknown,Unknown,Unknown,Unknown,Unknown,Unknown
40.7133438,22.7276017,REVOIL,Unknown,Unknown,Unknown,Unknown,Unknown,Unknown,Unknown,Unknown
41.077281,23.5386478,Καρακίτσιου Ανδρομάχη,Unknown,Unknown,Unknown,Unknown,Unknown,Unknown,Unknown,Unknown
41.997955,20.9614912,independent,Unknown,Unknown,Unknown,Unknown,Unknown,Unknown,Unknown,Unknown
42.0749649,20.404895,Oruçi,Unknown,Unknown,Unknown,Unknown,Unknown,Unknown,Unknown,Unknown
40.7278495,19.9420824,G oil,Unknown,Unknown,Unknown,Unknown,Unknown,Unknown,Unknown,Unknown
40.730957,19.940715,Sprint Berat,BOLV OIL Berat,Unknown,Unknown,Unknown,Unknown,Unknown,Unknown,Unknown
41.2536964,22.7961005,JetOil,Unknown,Unknown,Unknown,Unknown,Unknown,Unknown,Unknown,Unknown
41.2611482,22.8371366,EKO,Unknown,Unknown,Unknown,Unknown,Unknown,Unknown,Unknown,Unknown
41.2631891,22.8414327,Kaoil,Unknown,Unknown,Unknown,Unknown,Unknown,Unknown,Unknown,Unknown
40.992017,22.5913012,АП,Unknown,Unknown,Unknown,Unknown,Unknown,Unknown,Unknown,Unknown
41.0639317,20.0512768,VD OIL,Unknown,24/7,Unknown,Unknown,Unknown,Unknown,Unknown,Unknown
41.8523365,20.8890852,TopPetrol,Unknown,24/7,Unknown,Unknown,Unknown,Unknown,Unknown,Unknown
42.3798893,20.6336354,Haxhijaha,Haxhijaha Trade,Unknown,Unknown,Unknown,Unknown,Unknown,Unknown,Unknown
42.3749814,21.1483876,HIB Petrol,HIB Petrol,24/7,Unknown,Unknown,Unknown,Unknown,Unknown,Unknown
42.3543765,20.0791599,Tuli Petrol,Unknown,Unknown,Unknown,Unknown,Unknown,Unknown,Unknown,Unknown
40.8294425,20.7376644,Gas station,Unknown,Unknown,Unknown,Unknown,Unknown,Unknown,Unknown,Unknown
40.7927537,23.8342624,Shel - Nea Kerdilia,Unknown,Unknown,Unknown,Unknown,Unknown,Unknown,Unknown,Unknown
42.477526,23.79812,Лукойл,Unknown,Unknown,yes,Unknown,yes,yes,Unknown,Unknown
41.3301901,19.8422159,Market,Unknown,Unknown,Unknown,Unknown,Unknown,Unknown,Unknown,Unknown
41.3028414,19.7450039,Euro Petrol,Unknown,Unknown,Unknown,Unknown,Unknown,Unknown,Unknown,Unknown
42.2009202,20.4088733,Hasoil,Unknown,Unknown,Unknown,Unknown,Unknown,Unknown,Unknown,Unknown
42.0811858,20.4212296,Bolv Oil,Unknown,Unknown,Unknown,Unknown,Unknown,Unknown,Unknown,Unknown
42.2160223,20.3980882,Dervishi Petrol,Unknown,Unknown,Unknown,Unknown,Unknown,Unknown,Unknown,Unknown
42.1880722,20.3899014,Kastrati,Unknown,Unknown,yes,Unknown,yes,Unknown,Unknown,Unknown
42.1985676,20.411455,Kastrati,Unknown,Unknown,Unknown,Unknown,Unknown,Unknown,Unknown,Unknown
42.2470982,20.3751231,Kastrati,Unknown,Unknown,Unknown,Unknown,Unknown,Unknown,Unknown,Unknown
42.1921163,20.4042271,Syla,Unknown,Unknown,Unknown,Unknown,Unknown,Unknown,Unknown,Unknown
42.1701923,20.3804882,Xhaferi Petrol,Unknown,Unknown,Unknown,Unknown,Unknown,Unknown,Unknown,Unknown
40.7664669,19.9024463,Idrizi Oil,Unknown,Unknown,Unknown,Unknown,Unknown,Unknown,Unknown,Unknown
40.7070258,19.9404782,Gulf,Unknown,Unknown,Unknown,Unknown,Unknown,Unknown,Unknown,Unknown
40.7784773,19.8618712,Renci,Unknown,Unknown,Unknown,Unknown,Unknown,Unknown,Unknown,Unknown
40.7417455,19.9353207,Kastrati,Unknown,Unknown,Unknown,Unknown,Unknown,Unknown,Unknown,Unknown
40.7188044,19.9436803,Luan Oil,Unknown,Unknown,Unknown,Unknown,Unknown,Unknown,Unknown,Unknown
40.7006922,19.6210747,Eranxhi,Unknown,Unknown,Unknown,Unknown,Unknown,Unknown,Unknown,Unknown
40.7766459,19.865062,Mono Petrol,Unknown,Unknown,Unknown,Unknown,Unknown,Unknown,Unknown,Unknown
41.9151734,19.5949673,Gega Oil,Unknown,Unknown,Unknown,Unknown,Unknown,Unknown,Unknown,Unknown
41.6784605,20.4371564,Bolv Oil,Unknown,Unknown,Unknown,Unknown,Unknown,Unknown,Unknown,Unknown
41.644281,20.4582131,Meba 96,Unknown,Unknown,Unknown,Unknown,Unknown,Unknown,Unknown,Unknown
41.0711948,20.559095,Elda,Unknown,Unknown,Unknown,Unknown,Unknown,Unknown,Unknown,Unknown
41.0922799,20.4451011,Loshi Oil,Unknown,Unknown,Unknown,Unknown,Unknown,Unknown,Unknown,Unknown
41.2320523,20.3034657,Musta Oil,Unknown,Unknown,Unknown,Unknown,Unknown,Unknown,Unknown,Unknown
40.8597421,20.6944228,Gora Oil,Unknown,Unknown,Unknown,Unknown,Unknown,Unknown,Unknown,Unknown
40.78397,19.641619,TAP pipeline station kp191,Unknown,Unknown,Unknown,Unknown,Unknown,Unknown,Unknown,Unknown
40.7850919,19.7919965,2N shehu,Unknown,Unknown,Unknown,Unknown,Unknown,Unknown,Unknown,Unknown
41.1431342,22.5325294,Лукоил,Lukoil,Unknown,Unknown,Unknown,Unknown,Unknown,Unknown,Unknown
41.0652091,20.5910955,Pungu Oil,Unknown,Unknown,Unknown,Unknown,Unknown,Unknown,Unknown,Unknown
42.5407605,20.2884688,AL Petrol,Unknown,Unknown,Unknown,Unknown,Unknown,Unknown,Unknown,Unknown
42.531481,20.2946661,Petrol Company,Unknown,Unknown,Unknown,Unknown,Unknown,Unknown,Unknown,Unknown
41.70062,19.6918586,Toma Oil,Unknown,Unknown,Unknown,Unknown,Unknown,Unknown,Unknown,Unknown
42.4707624,21.0813317,AL Petrol,AL-Petrol,Unknown,Unknown,Unknown,Unknown,Unknown,Unknown,Unknown
40.7630155,19.732739,Kp181,Pipeline kp181,Unknown,Unknown,Unknown,Unknown,Unknown,Unknown,Unknown
42.2771051,21.1741343,Liria Petrol,Unknown,Unknown,Unknown,Unknown,Unknown,Unknown,Unknown,Unknown
41.3358346,19.7970432,Kastrati,Kastrati,Unknown,Unknown,Unknown,Unknown,Unknown,Unknown,Unknown
42.3662875,20.4654943,Slovenia Petrol,Unknown,Unknown,Unknown,Unknown,Unknown,Unknown,Unknown,Unknown
41.9406016,20.9269459,Fer Petrol,Fer Petrol,Unknown,Unknown,Unknown,Unknown,Unknown,Unknown,Unknown
41.9633441,20.9335882,HitOil,HitOil,Unknown,Unknown,Unknown,Unknown,Unknown,Unknown,Unknown
41.3725591,19.7441953,Eida,Eida,Unknown,Unknown,Unknown,Unknown,Unknown,Unknown,Unknown
41.3511052,19.7713449,Kastrati,Unknown,Unknown,Unknown,Unknown,Unknown,Unknown,Unknown,Unknown
40.7345695,19.6996114,Çepele,Unknown,Unknown,Unknown,Unknown,Unknown,Unknown,Unknown,Unknown
42.4982084,21.1740444,Standard,Unknown,Unknown,Unknown,Unknown,Unknown,Unknown,Unknown,Unknown
42.2662999,20.3809812,Egzoni,Unknown,Unknown,Unknown,Unknown,Unknown,Unknown,Unknown,Unknown
40.7336869,19.6988519,Isufaj,Unknown,Unknown,Unknown,Unknown,Unknown,Unknown,Unknown,Unknown
42.3740666,20.4455029,AS Comm,Unknown,Unknown,Unknown,Unknown,Unknown,Unknown,Unknown,Unknown
41.2052685,19.8200354,Zela Oil,Unknown,Unknown,Unknown,Unknown,Unknown,Unknown,Unknown,Unknown
40.7149414,22.7199711,SHELL,Unknown,Unknown,Unknown,Unknown,Unknown,Unknown,Unknown,Unknown
41.320118,19.8163085,Alpet,Unknown,24/7,yes,Unknown,Unknown,yes,Unknown,Unknown
41.112885,20.0736325,Gega Oil,Unknown,24/7,Unknown,Unknown,Unknown,Unknown,Unknown,Unknown
42.4545848,21.4991415,Petrol Station,Unknown,24/7,Unknown,Unknown,Unknown,Unknown,Unknown,Unknown
42.3087255,23.8478765,Пегас,Unknown,Unknown,Unknown,Unknown,Unknown,Unknown,Unknown,Unknown
42.3121654,23.7129064,Petrol Station,Unknown,Unknown,Unknown,Unknown,Unknown,Unknown,Unknown,Unknown
41.2929618,19.7277261,Gulf,Unknown,24/7,yes,Unknown,Unknown,yes,Unknown,Unknown
41.2929426,19.7266223,Karburant,Unknown,24/7,yes,Unknown,Unknown,yes,Unknown,Unknown
41.3490897,19.8915935,"Lanabregas, Tirane",Unknown,Unknown,Unknown,Unknown,Unknown,Unknown,Unknown,Unknown
42.4003472,20.643064,Rama Petrol,Unknown,Unknown,Unknown,Unknown,Unknown,Unknown,Unknown,Unknown
40.9698154,22.0564984,Βενζίνη,Unknown,Unknown,Unknown,Unknown,Unknown,Unknown,Unknown,Unknown
41.1013473,20.0818767,AK OIL,Unknown,24/7,Unknown,Unknown,Unknown,Unknown,Unknown,Unknown
41.2387779,19.7997289,Sefa Oil,Unknown,Unknown,Unknown,Unknown,Unknown,Unknown,Unknown,Unknown
41.2637562,19.8658644,JETOIL,Unknown,Unknown,Unknown,Unknown,Unknown,Unknown,Unknown,Unknown
42.3618935,20.8544221,Harea Petrol,Harea Petrol,Mo-Su 06:00-22:00,Unknown,Unknown,Unknown,Unknown,Unknown,Unknown
42.3617799,20.8545381,Harea Petrol,Harea Petrol,Mo-Su 06:00-22:00,Unknown,Unknown,Unknown,Unknown,Unknown,Unknown
41.3390076,19.7878836,Eida karburant,Gas station Eida,Unknown,Unknown,Unknown,Unknown,Unknown,Unknown,Unknown
41.4053743,23.204567,Petrol Station,Unknown,Unknown,Unknown,Unknown,Unknown,Unknown,Unknown,Unknown
42.368288,21.1558849,Auto Servis Edi Gas,Auto Service Edi Gas,Unknown,Unknown,Unknown,Unknown,Unknown,Unknown,Unknown
42.3521165,23.5496372,Петрол,Unknown,Unknown,Unknown,Unknown,Unknown,Unknown,Unknown,Unknown
42.3505091,23.5495777,SNG,Unknown,Unknown,Unknown,Unknown,Unknown,Unknown,Unknown,Unknown
42.3181605,23.5627022,Petrol Station,Unknown,Unknown,Unknown,Unknown,Unknown,Unknown,Unknown,Unknown
42.3386887,23.5309538,Petrol Station,Unknown,Unknown,Unknown,Unknown,Unknown,Unknown,Unknown,Unknown
42.489862,21.5045988,Burimi Petrol,Burimi Petrol,24/7,Unknown,Unknown,Unknown,Unknown,Unknown,Unknown
42.0017496,21.4606362,Дома,Doma,24/7,Unknown,Unknown,Unknown,Unknown,Unknown,Unknown
42.3306906,20.6046196,Jazi 1,Unknown,Unknown,Unknown,Unknown,Unknown,Unknown,Unknown,Unknown
42.3365274,20.7310165,EKO Oktan,Unknown,Unknown,yes,Unknown,Unknown,Unknown,Unknown,Unknown
42.2481163,20.720946,Arbëria Petrol,Unknown,Unknown,Unknown,Unknown,Unknown,Unknown,Unknown,Unknown
42.0906551,23.0668465,Петрогаз,Unknown,Unknown,yes,Unknown,yes,Unknown,Unknown,yes
40.7027819,22.9185026,ΕΤΕΚΑ,ΕΤΕΚΑ,Unknown,Unknown,Unknown,Unknown,Unknown,Unknown,Unknown
41.9141261,23.5779825,Petrol Station,Unknown,Unknown,Unknown,Unknown,Unknown,Unknown,Unknown,Unknown
40.687799,23.6793545,Shell,Unknown,Unknown,Unknown,Unknown,Unknown,Unknown,Unknown,Unknown
42.0547506,21.0341449,Европа92,Evropa92,Unknown,Unknown,Unknown,Unknown,Unknown,Unknown,Unknown
42.5438696,20.2903421,Petrol Company,Unknown,Unknown,Unknown,Unknown,Unknown,Unknown,Unknown,Unknown
42.5343434,20.2928448,Pompa Bonita,Unknown,Unknown,Unknown,Unknown,Unknown,Unknown,Unknown,Unknown
42.4874082,21.3935741,Kamberi Petrol,Unknown,Unknown,Unknown,Unknown,Unknown,Unknown,Unknown,Unknown
42.316811,21.3637747,Bariu Petrol,Unknown,Unknown,Unknown,Unknown,Unknown,Unknown,Unknown,Unknown
42.3155119,20.860666,Shala,Unknown,Unknown,Unknown,Unknown,Unknown,Unknown,Unknown,Unknown
42.3540979,20.9190999,BP,Unknown,Unknown,Unknown,Unknown,Unknown,Unknown,Unknown,Unknown
42.3697214,21.1300483,Lindi,Unknown,Unknown,Unknown,Unknown,Unknown,Unknown,Unknown,Unknown
42.1332218,21.7026465,Makpetrol,Unknown,Unknown,Unknown,Unknown,Unknown,Unknown,Unknown,Unknown
42.3991536,20.6732617,Fatmiri Commerc,Fatmiri Commerc,Mo-Su 06:00-22:00,Unknown,Unknown,Unknown,Unknown,Unknown,Unknown
40.7994503,22.0487414,BP,Unknown,Unknown,Unknown,Unknown,Unknown,Unknown,Unknown,Unknown
41.3235484,19.7777616,Alpet,Unknown,24/7,Unknown,Unknown,Unknown,Unknown,Unknown,Unknown
41.0838908,23.5439257,Μέλιος,Melios,Unknown,Unknown,Unknown,Unknown,Unknown,Unknown,Unknown
41.903915,22.4012236,Лукойл,Luk Oil,24/7,Unknown,Unknown,Unknown,Unknown,Unknown,Unknown
41.963501,21.5967388,Petrol Station,Nece,Unknown,Unknown,Unknown,Unknown,Unknown,Unknown,Unknown
40.6780357,22.9544975,KLIG OIL,Unknown,24/7,Unknown,Unknown,Unknown,Unknown,Unknown,Unknown
42.275126,22.6682783,Petrol Station,Unknown,Unknown,Unknown,Unknown,Unknown,Unknown,Unknown,Unknown
42.3983509,20.6515031,LAB OIL,Unknown,Unknown,Unknown,Unknown,Unknown,Unknown,Unknown,Unknown
40.8987895,20.6651313,Gulf,Gulf,Unknown,Unknown,Unknown,Unknown,Unknown,Unknown,Unknown
42.2510788,20.7068848,KAG Oil,Unknown,Unknown,Unknown,Unknown,Unknown,Unknown,Unknown,Unknown
42.4328303,21.0402819,Pompa e benzinës ARAL,Unknown,Unknown,Unknown,Unknown,Unknown,Unknown,Unknown,Unknown
40.7497799,22.975665,Ανεξ. Πρατήριο,Unknown,Unknown,Unknown,Unknown,Unknown,Unknown,Unknown,Unknown
40.7424731,19.6486562,Bolv-Oil,Bolv-Oil,Unknown,Unknown,Unknown,Unknown,Unknown,Unknown,Unknown
41.858215,19.6397029,Kastrati,Unknown,24/7,Unknown,Unknown,Unknown,Unknown,Unknown,Unknown
42.489686,21.5373969,Beki Benz,Unknown,24/7,Unknown,Unknown,Unknown,Unknown,Unknown,Unknown
41.2653071,23.1533491,Silkoil,Unknown,Unknown,Unknown,Unknown,Unknown,Unknown,Unknown,Unknown
41.2655297,23.2466981,BP,Unknown,Unknown,Unknown,Unknown,Unknown,Unknown,Unknown,Unknown
41.2672849,23.264792,Aegean,Unknown,Unknown,Unknown,Unknown,Unknown,Unknown,Unknown,Unknown
41.2731446,23.2875003,Kaoil,Unknown,Unknown,Unknown,Unknown,Unknown,Unknown,Unknown,Unknown
41.2807065,23.3231217,Aegean,Unknown,Unknown,Unknown,Unknown,Unknown,Unknown,Unknown,Unknown
41.2743855,23.7555072,Jetoil,Unknown,Unknown,Unknown,Unknown,Unknown,Unknown,Unknown,Unknown
41.3443528,23.8655103,ELIN,Unknown,Unknown,Unknown,Unknown,Unknown,Unknown,Unknown,Unknown
41.3434998,23.8660103,ΕΚΟ,Unknown,Unknown,Unknown,Unknown,Unknown,Unknown,Unknown,Unknown
41.0915401,23.5572504,Shell,Unknown,Unknown,Unknown,Unknown,Unknown,Unknown,Unknown,Unknown
41.0901484,23.5543159,Kaoil,Unknown,Unknown,Unknown,Unknown,Unknown,Unknown,Unknown,Unknown
41.0895813,23.5976092,Aegean,Unknown,Unknown,Unknown,Unknown,Unknown,Unknown,Unknown,Unknown
41.2400675,23.3881986,Silk,Unknown,Unknown,Unknown,Unknown,Unknown,Unknown,Unknown,Unknown
41.1766367,23.3948792,Aegean,Unknown,Unknown,Unknown,Unknown,Unknown,Unknown,Unknown,Unknown
41.1793632,23.3942438,Silk,Unknown,Unknown,Unknown,Unknown,Unknown,Unknown,Unknown,Unknown
41.1574039,23.4081187,MEDoil,Unknown,Unknown,Unknown,Unknown,Unknown,Unknown,Unknown,Unknown
41.0208023,23.6046977,Silkoil,Unknown,Unknown,Unknown,Unknown,Unknown,Unknown,Unknown,Unknown
41.0007895,23.6291746,Silk,Unknown,Unknown,Unknown,Unknown,Unknown,Unknown,Unknown,Unknown
41.3302207,19.8330595,eida,Unknown,Unknown,Unknown,Unknown,Unknown,Unknown,Unknown,Unknown
41.1585824,23.3664825,Kmoil,Unknown,Unknown,Unknown,Unknown,Unknown,Unknown,Unknown,Unknown
41.1603782,23.3640311,Kaoil,Unknown,Unknown,Unknown,Unknown,Unknown,Unknown,Unknown,Unknown
41.1776053,23.3272899,Aegean,Unknown,Unknown,Unknown,Unknown,Unknown,Unknown,Unknown,Unknown
41.1821065,23.2841912,Silk,Unknown,Unknown,Unknown,Unknown,Unknown,Unknown,Unknown,Unknown
41.1420057,23.3354867,Kaoil,Unknown,Unknown,Unknown,Unknown,Unknown,Unknown,Unknown,Unknown
41.0850272,23.3413011,Jetoil,Unknown,Unknown,Unknown,Unknown,Unknown,Unknown,Unknown,Unknown
40.9905902,23.5116881,Silk,Unknown,Unknown,Unknown,Unknown,Unknown,Unknown,Unknown,Unknown
41.0064549,23.558292,Jetoil,Unknown,Unknown,Unknown,Unknown,Unknown,Unknown,Unknown,Unknown
40.9950101,23.5996146,Silk,Unknown,Unknown,Unknown,Unknown,Unknown,Unknown,Unknown,Unknown
40.992467,23.5962255,Silkoil,Unknown,Unknown,Unknown,Unknown,Unknown,Unknown,Unknown,Unknown
41.396911,23.3556548,OMV,Unknown,Unknown,Unknown,Unknown,Unknown,Unknown,Unknown,Unknown
42.3505867,23.0132686,Петрол,Unknown,Unknown,Unknown,Unknown,Unknown,Unknown,Unknown,Unknown
42.151379,23.0056148,UNO OIL,Unknown,Unknown,Unknown,Unknown,Unknown,Unknown,Unknown,Unknown
41.9978312,23.0988287,EKO,Unknown,Unknown,Unknown,Unknown,Unknown,Unknown,Unknown,Unknown
42.47784,21.4579764,ADA GAS,Unknown,24/7,Unknown,Unknown,Unknown,Unknown,Unknown,Unknown
41.988617,21.0740175,Лукоил,Unknown,Unknown,Unknown,Unknown,Unknown,Unknown,Unknown,Unknown
42.3692399,20.4590989,Patroni,Unknown,Unknown,Unknown,Unknown,Unknown,Unknown,Unknown,Unknown
42.3519424,20.5334835,Fat Oil,Unknown,Unknown,Unknown,Unknown,Unknown,Unknown,Unknown,Unknown
42.3577542,20.5581791,Fat Oil,Unknown,Unknown,Unknown,Unknown,Unknown,Unknown,Unknown,Unknown
41.7846937,19.7845649,Start,Unknown,Unknown,Unknown,Unknown,Unknown,Unknown,Unknown,Unknown
41.5194457,19.688343,Eri,Unknown,Unknown,Unknown,Unknown,Unknown,Unknown,Unknown,Unknown
41.4761545,19.7495418,Bolv oil,Unknown,Unknown,Unknown,Unknown,Unknown,Unknown,Unknown,Unknown
41.4780039,19.7334608,Alpet,Unknown,Unknown,Unknown,Unknown,Unknown,Unknown,Unknown,Unknown
41.5146733,19.7889264,Kastrati,Unknown,Unknown,Unknown,Unknown,Unknown,Unknown,Unknown,Unknown
42.0023986,21.4039653,Макпетрол,Makpetrol,24/7,yes,yes,yes,Unknown,yes,yes
40.7864932,19.8418512,Oil,Unknown,Unknown,Unknown,Unknown,Unknown,Unknown,Unknown,Unknown
40.7335879,19.6980617,Alpet,Unknown,Unknown,Unknown,Unknown,Unknown,Unknown,Unknown,Unknown
40.6979039,19.5895015,Alfa,Unknown,Unknown,Unknown,Unknown,Unknown,Unknown,Unknown,Unknown
40.678418,20.7308369,Gega Oil,Unknown,Unknown,Unknown,Unknown,Unknown,Unknown,Unknown,Unknown
40.7924781,20.7173475,East Oil,Unknown,Unknown,Unknown,Unknown,Unknown,Unknown,Unknown,Unknown
40.8101601,20.7331699,Royal Gas,Unknown,Unknown,Unknown,Unknown,Unknown,Unknown,Unknown,Unknown
40.8857636,20.6791424,Gega Oil,Unknown,Unknown,Unknown,Unknown,Unknown,Unknown,Unknown,Unknown
40.8962826,20.6682331,Kastrati Oil,Unknown,Unknown,Unknown,Unknown,Unknown,Unknown,Unknown,Unknown
40.6916895,20.723574,Merolli,Unknown,Unknown,Unknown,Unknown,Unknown,Unknown,Unknown,Unknown
40.702173,20.7177648,Braka,Unknown,Unknown,Unknown,Unknown,Unknown,Unknown,Unknown,Unknown
40.7993622,20.7201678,Ledio Oil,Unknown,Unknown,Unknown,Unknown,Unknown,Unknown,Unknown,Unknown
40.8153506,20.7392579,Autogrill Oil,Unknown,Unknown,Unknown,Unknown,Unknown,Unknown,Unknown,Unknown
40.8770142,20.6838071,Taci Oil,Unknown,Unknown,Unknown,Unknown,Unknown,Unknown,Unknown,Unknown
40.8200383,20.7389557,Taci Oil,Unknown,Unknown,Unknown,Unknown,Unknown,Unknown,Unknown,Unknown
42.3655747,20.8367147,Flamuri Petrol,Unknown,24/7,Unknown,Unknown,Unknown,Unknown,Unknown,Unknown
42.1001756,23.0353459,LukOil,Unknown,Unknown,Unknown,Unknown,Unknown,Unknown,Unknown,Unknown
42.3660329,20.8371396,ITC Petrol,Unknown,Mo-Su 07:00-22:00,Unknown,Unknown,Unknown,Unknown,Unknown,Unknown
41.0818302,21.0080685,Митоил,Mitoil,Unknown,Unknown,Unknown,Unknown,Unknown,Unknown,Unknown
40.701429,22.9305696,Aegean Βενζινάδικο,Unknown,Unknown,Unknown,Unknown,Unknown,Unknown,Unknown,Unknown
40.6985273,22.9309961,ΕΛΙΝ - Αφοι Μισαηλίδη,Unknown,Unknown,Unknown,Unknown,Unknown,Unknown,Unknown,Unknown
41.515527,23.8009857,Petrol Station,Petrol,24/7,Unknown,Unknown,Unknown,Unknown,Unknown,Unknown
42.342705,20.8196971,Seticommerc,Unknown,Mo-Su 05:00-22:00,Unknown,Unknown,Unknown,Unknown,Unknown,Unknown
40.7324943,22.6051701,BP,Unknown,Unknown,Unknown,Unknown,Unknown,Unknown,Unknown,Unknown
40.9004851,22.5574067,ελίν,Unknown,Unknown,Unknown,Unknown,Unknown,Unknown,Unknown,Unknown
40.9862345,22.552798,Kaoil,Unknown,Unknown,Unknown,Unknown,Unknown,Unknown,Unknown,Unknown
40.9621656,22.5186525,SilkOil,Unknown,Unknown,Unknown,Unknown,Unknown,Unknown,Unknown,Unknown
40.7603955,22.578555,Shell,Unknown,Unknown,Unknown,Unknown,Unknown,Unknown,Unknown,Unknown
41.4788483,19.7549182,Api,Unknown,Unknown,Unknown,Unknown,Unknown,Unknown,Unknown,Unknown
42.162411,21.7455624,Peak,Unknown,Unknown,Unknown,Unknown,Unknown,Unknown,Unknown,Unknown
42.1624284,21.7378519,Авиа оил,Unknown,Unknown,Unknown,Unknown,Unknown,Unknown,Unknown,Unknown
41.1066954,20.0889767,B Petrol,Unknown,Unknown,Unknown,Unknown,Unknown,Unknown,Unknown,Unknown
40.9217142,20.6409561,Petrol Station,Unknown,Unknown,Unknown,Unknown,Unknown,Unknown,Unknown,Unknown
40.9174224,20.6422063,Petrol Station,Unknown,Unknown,Unknown,Unknown,Unknown,Unknown,Unknown,Unknown
40.8954142,20.6682822,Alpet,Unknown,Unknown,Unknown,Unknown,Unknown,Unknown,Unknown,Unknown
40.8876583,20.6759301,2A & 2E,Unknown,Unknown,Unknown,Unknown,Unknown,Unknown,Unknown,Unknown
41.9842064,21.451282,Макпетрол,Makpetrol,Unknown,Unknown,Unknown,Unknown,Unknown,Unknown,Unknown
40.8151701,21.4304687,Kaoil,Unknown,Unknown,Unknown,Unknown,Unknown,Unknown,Unknown,Unknown
40.7861776,21.4236571,Shell,Unknown,Unknown,Unknown,Unknown,Unknown,Unknown,Unknown,Unknown
40.7874351,21.42505,Kaoil,Unknown,Unknown,Unknown,Unknown,Unknown,Unknown,Unknown,Unknown
40.7910208,21.4315513,Avin,Unknown,Unknown,Unknown,Unknown,Unknown,Unknown,Unknown,Unknown
40.7991719,21.4215256,Σαρακίνης,Unknown,Unknown,Unknown,Unknown,Unknown,Unknown,Unknown,Unknown
42.3328756,20.7274529,Adem Petrol,Unknown,Unknown,yes,Unknown,Unknown,Unknown,Unknown,Unknown
40.7344827,20.5821716,Bushi Braja,Unknown,Unknown,Unknown,Unknown,Unknown,Unknown,Unknown,Unknown
40.9610539,22.5230352,Aegean,Unknown,Unknown,Unknown,Unknown,Unknown,Unknown,Unknown,Unknown
41.978242,21.5930137,Petrol Station,Unknown,Unknown,Unknown,Unknown,Unknown,Unknown,Unknown,Unknown
42.3631135,20.7401236,Spahija Petrol,Unknown,Unknown,Unknown,Unknown,Unknown,Unknown,Unknown,Unknown
42.0301064,21.4289322,okτΔ,Unknown,Unknown,Unknown,Unknown,Unknown,Unknown,Unknown,Unknown
40.6893673,19.6060113,PS Petrol Special,PS-PETROL,24/7,Unknown,Unknown,Unknown,Unknown,Unknown,Unknown
42.3486182,20.7563324,Spahija Petrol,Unknown,Unknown,yes,Unknown,yes,Unknown,Unknown,Unknown
41.3376302,23.8686991,bp,Unknown,24/7,Unknown,Unknown,Unknown,Unknown,Unknown,Unknown
40.6847509,22.8583357,Revoil,Unknown,Unknown,Unknown,Unknown,Unknown,Unknown,Unknown,Unknown
40.6830827,22.8613604,Kaoil,Unknown,Unknown,Unknown,Unknown,Unknown,Unknown,Unknown,Unknown
40.9702892,22.0562232,Petrol Station,Unknown,Unknown,Unknown,Unknown,Unknown,Unknown,Unknown,Unknown
42.0941089,20.4729196,IP,Unknown,Unknown,Unknown,Unknown,Unknown,Unknown,Unknown,Unknown
40.6789482,22.8694396,BP,Unknown,Unknown,Unknown,Unknown,Unknown,Unknown,Unknown,Unknown
42.3235534,21.3614993,"'Alba Petrol'""""",Unknown,Unknown,Unknown,Unknown,Unknown,Unknown,Unknown,Unknown
40.6974925,20.8654468,Cenolli,Unknown,Unknown,yes,Unknown,yes,Unknown,Unknown,yes
41.3986786,23.1403989,Petrol Station,Unknown,Unknown,Unknown,Unknown,Unknown,Unknown,Unknown,Unknown
42.355249,20.746175,Pompë e Benzinës,Unknown,Unknown,Unknown,Unknown,Unknown,Unknown,Unknown,Unknown
42.358334,20.7427162,Voci,Unknown,Unknown,Unknown,Unknown,Unknown,Unknown,Unknown,Unknown
41.8837172,21.68889,Макпетрол,Unknown,Unknown,Unknown,Unknown,Unknown,Unknown,Unknown,Unknown
41.9159701,20.9417536,Petrol Station,Gulf Gas Station,Unknown,Unknown,Unknown,Unknown,Unknown,Unknown,Unknown
40.735469,22.1401129,Πρατήριο Υγρών Καυσίμων,Unknown,Unknown,Unknown,Unknown,Unknown,Unknown,Unknown,Unknown
40.7375661,22.142238,Πρατήριο Υγρών Καυσίμων,Unknown,Unknown,Unknown,Unknown,Unknown,Unknown,Unknown,Unknown
41.0081497,21.3576341,CRP,Unknown,Unknown,Unknown,Unknown,Unknown,Unknown,Unknown,Unknown
42.3502328,21.7228185,VP,Unknown,Unknown,Unknown,Unknown,Unknown,Unknown,Unknown,Unknown
40.7926578,21.8349113,Eko,Unknown,Unknown,Unknown,Unknown,Unknown,Unknown,Unknown,Unknown
41.4874713,23.2970268,Шел,Shell,Unknown,Unknown,Unknown,Unknown,Unknown,Unknown,Unknown
41.7877214,19.7894038,Erando,Unknown,24/7,Unknown,Unknown,Unknown,Unknown,Unknown,Unknown
41.001426,22.852572,Shell,Unknown,Unknown,Unknown,Unknown,Unknown,Unknown,Unknown,Unknown
41.3978584,23.3537927,Лукойл,Unknown,Unknown,Unknown,Unknown,Unknown,Unknown,Unknown,Unknown
41.3963582,23.354923,OMV,Unknown,Unknown,Unknown,Unknown,Unknown,Unknown,Unknown,Unknown
41.6460238,19.7079025,Eradi Petrol,Unknown,24/7,Unknown,Unknown,Unknown,Unknown,Unknown,Unknown
40.6752271,22.9392649,BP,Unknown,Unknown,Unknown,Unknown,Unknown,Unknown,Unknown,Unknown
41.3320112,19.8456082,Start,Unknown,Unknown,Unknown,Unknown,Unknown,Unknown,Unknown,Unknown
41.7952788,20.9004303,Бунар Петрол,Bunar Petrol,24/7,Unknown,Unknown,Unknown,Unknown,Unknown,Unknown
41.8080834,20.9070117,Bunar Petrol,Unknown,Unknown,Unknown,Unknown,Unknown,Unknown,Unknown,Unknown
41.5887298,20.9509279,Tivoli Petrol,Unknown,Unknown,Unknown,Unknown,Unknown,Unknown,Unknown,Unknown
41.2293893,20.7682627,Eko Petrol,Unknown,Unknown,Unknown,Unknown,Unknown,Unknown,Unknown,Unknown
41.5159681,20.9518182,Power Patrol,Unknown,Unknown,Unknown,Unknown,Unknown,Unknown,Unknown,Unknown
41.1254011,20.809137,Zran Peka,Unknown,Unknown,Unknown,Unknown,Unknown,Unknown,Unknown,Unknown
41.1033753,20.0590621,Krasniqi,Unknown,Unknown,Unknown,Unknown,Unknown,Unknown,Unknown,Unknown
41.1239017,20.1149005,Anoil,Unknown,Unknown,Unknown,Unknown,Unknown,Unknown,Unknown,Unknown
41.1722189,20.6513986,Gulf,Unknown,Unknown,Unknown,Unknown,Unknown,Unknown,Unknown,Unknown
41.107533,20.0680943,Krasiqi,Unknown,Unknown,Unknown,Unknown,Unknown,Unknown,Unknown,Unknown
41.099716,20.0462725,Krasniqi,Unknown,Unknown,Unknown,Unknown,Unknown,Unknown,Unknown,Unknown
41.1052036,20.0253165,Gega Oil,Unknown,Unknown,Unknown,Unknown,Unknown,Unknown,Unknown,Unknown
41.2485738,19.9034057,Eida,Unknown,Unknown,Unknown,Unknown,Unknown,Unknown,Unknown,Unknown
41.5148319,19.7879427,Kastrati,Unknown,Unknown,Unknown,Unknown,Unknown,Unknown,Unknown,Unknown
41.4270858,19.7375062,Kastrati,Unknown,Unknown,Unknown,Unknown,Unknown,Unknown,Unknown,Unknown
41.4435825,19.7312734,Eida,Unknown,Unknown,Unknown,Unknown,Unknown,Unknown,Unknown,Unknown
41.4390195,19.7333951,Gulf,Unknown,Unknown,Unknown,Unknown,Unknown,Unknown,Unknown,Unknown
41.4538638,19.7267439,Bujari,Unknown,Unknown,Unknown,Unknown,Unknown,Unknown,Unknown,Unknown
41.4665484,19.7223032,Kastrati,Unknown,Unknown,Unknown,Unknown,Unknown,Unknown,Unknown,Unknown
41.4224085,19.7394112,ASA,Unknown,Unknown,Unknown,Unknown,Unknown,Unknown,Unknown,Unknown
41.4462625,19.7293047,Q8,Unknown,Unknown,Unknown,Unknown,Unknown,Unknown,Unknown,Unknown
41.4778703,19.7524633,Kaloshi,Unknown,Unknown,Unknown,Unknown,Unknown,Unknown,Unknown,Unknown
41.3385783,19.7876072,Eida,Unknown,Unknown,Unknown,Unknown,Unknown,Unknown,Unknown,Unknown
42.0756123,20.4047657,dp,Unknown,Unknown,Unknown,Unknown,Unknown,Unknown,Unknown,Unknown
42.2356887,20.3871876,Halimi Petrol,Unknown,Unknown,Unknown,Unknown,Unknown,Unknown,Unknown,Unknown
42.2356887,20.3871876,Halimi Petrol,Unknown,Unknown,Unknown,Unknown,Unknown,Unknown,Unknown,Unknown
41.6460011,19.7078083,Eradi Petrol,Unknown,Unknown,Unknown,Unknown,Unknown,Unknown,Unknown,Unknown
41.3970739,23.3548185,OMV,Unknown,Unknown,Unknown,Unknown,Unknown,Unknown,Unknown,Unknown
41.8143222,19.6385001,Emanuel Gas Petrol,Unknown,Unknown,Unknown,Unknown,Unknown,Unknown,Unknown,Unknown
41.9941052,21.5432026,Дени Интернационал,Deni International,Unknown,Unknown,Unknown,Unknown,Unknown,Unknown,Unknown
41.6136222,23.2024283,Petrol Station,cng,Unknown,Unknown,Unknown,Unknown,Unknown,Unknown,Unknown
41.8494315,23.140888,Petrol Station,cng,Unknown,Unknown,Unknown,Unknown,Unknown,Unknown,Unknown
41.4595501,19.6891955,Bakalli,Unknown,24/7,Unknown,Unknown,Unknown,Unknown,Unknown,Unknown
41.4589632,19.6890816,Bakalli,Unknown,Unknown,Unknown,Unknown,Unknown,Unknown,Unknown,Unknown
42.3196428,20.8500406,N.P.T Dubrava-90,Unknown,Unknown,yes,Unknown,Unknown,Unknown,Unknown,Unknown
42.3377698,20.7317268,Po Petrol,Unknown,Unknown,yes,Unknown,Unknown,Unknown,Unknown,Unknown
41.9684968,23.0960619,Газпром,Unknown,Unknown,yes,Unknown,yes,yes,Unknown,Unknown
42.3276027,21.3632399,HIB,Unknown,Unknown,Unknown,Unknown,Unknown,Unknown,Unknown,Unknown
42.2745785,21.1917957,UDA,Unknown,Unknown,Unknown,Unknown,Unknown,Unknown,Unknown,Unknown
42.3259361,21.3626719,IP Petrol,Unknown,Mo-Su 07:00-23:00,Unknown,Unknown,Unknown,Unknown,Unknown,Unknown
42.3276059,21.3630298,HIB Petrol,Unknown,24/7,Unknown,Unknown,Unknown,Unknown,Unknown,Unknown
42.2458841,20.694382,Cini Oil,Unknown,Unknown,yes,Unknown,Unknown,Unknown,Unknown,Unknown
40.7113319,22.9559955,Kaoil,Unknown,Unknown,Unknown,Unknown,Unknown,Unknown,Unknown,Unknown
42.0190263,20.4146606,Kastari,Unknown,Unknown,Unknown,Unknown,Unknown,Unknown,Unknown,Unknown
41.4754876,19.7096968,Ervini oil,Unknown,Unknown,Unknown,Unknown,Unknown,Unknown,Unknown,Unknown
42.0705637,20.4269335,Kastrati,Unknown,Unknown,Unknown,Unknown,Unknown,Unknown,Unknown,Unknown
41.1075688,20.0689713,Die oil,Unknown,Unknown,Unknown,Unknown,Unknown,Unknown,Unknown,Unknown
42.0579438,20.0069567,Doda,Unknown,Unknown,Unknown,Unknown,Unknown,Unknown,Unknown,Unknown
